code, 行业, 占比, 行业, 占比, 行业, 占比, | , 产品, 占比, 产品, 占比, 产品, 占比, -,-, 评价, 理由
601398,公司金融业务, 47.18%, 个人金融业务, 39.43%, 资金业务, 12.80%, |,公司金融业务, 52.40%, 个人金融业务, 30.25%, 资金业务, 16.18%, -
601939,公司银行业务, 39.99%, 个人银行业务, 37.98%, 其他业务, 11.42%, |,公司银行业务, 38.78%, 个人银行业务, 36.41%, 资金业务, 13.00%, -
601857,销售, 81.37%, 板块间抵销数, 57.33%, 炼油与化工, 34.77%, |,炼油与销售, 81.79%, 板块间抵销数, 57.49%, 勘探与生产, 56.94%, -
601288,公司银行业务, 45.92%, 人银行业务, 37.85%, 资金运营业务, 10.46%, |,公司银行业务, 57.58%, 个人银行业务, 36.16%, 资金运营业务, 6.05%, -
601318,寿险及健康险, 58.52%, 财产保险, 22.55%, 银行, 11.87%, |,人寿保险, 64.16%, 财产保险, 20.08%, 银行, 11.66%, -
601988,公司金融业务, 42.30%, 个人金融业务, 32.91%, 资金业务, 15.00%, |,贷款利息收入, 93.43%, 债券投资利息收入, 47.45%, 存放及拆放同业利息收入, 9.78%, -
600519,主营业务, 99.94%, 其他业务, 0.06%, -,-,|,茅台酒, 96.15%, 系列酒, 3.80%, -
600028,抵销分部间销售, 61.26%, 营销及分销, 51.87%, 炼油, 42.87%, |,对外销售, 98.69%, -
600036,零售金融业务, 49.07%, 批发金融业务, 46.64%, 其他业务, 4.30%, |,净利息收入, 67.53%, 净手续费及佣金收入, 26.95%, 其他净收入, 5.53%, -
601628,寿险业务, 84.78%, 健康险业务, 10.60%, 其他业务, 2.53%, |,寿险业务, 89.17%, 健康险业务, 7.49%, 意外险业务, 2.06%, -
601328,公司金融业务, 45.56%, 个人金融业务, 33.64%, 资金业务, 11.26%, |,利息净收入, 79.29%, 手续费及佣金净收入, 14.89%, 其他业务收入, 3.31%, -
600900,电力行业, 98.95%, 其他行业, 0.97%, -,-,|,电力, 98.95%, 其他, 0.97%, -
600104,汽车制造业, 100.00%, 金融业, 1.48%, -,-,|,整车业务, 76.55%, 零部件业务, 18.48%, 劳务及其他, 3.62%, -
601088,煤炭, 78.76%, 发电, 31.96%, 铁路, 15.11%, |,来源于境内市场对外交易收入, 98.59%, 来源于境外市场的对外交易收入, 1.41%, -
601166,投资损益和利息收入, 95.07%, 贷款利息收入, 74.84%, 手续费及佣金收入, 30.02%, |,总行, 36.37%, 其他项目, 21.92%, 福建, 12.55%, -
000333,制造业, 91.87%, -,-,-,-,|,消费电器, 41.02%, 暖通空调, 39.61%, 机器人及自动化系统, 11.23%, -
002415,视频产品及视频服务, 100.00%, -,-,-,-,|,前端产品, 50.33%, 后端产品, 14.68%, 其他, 12.87%, -
601601,人寿保险, 69.62%, 财产保险, 30.04%, 其中:国内财产保险, 29.92%, |,其他地区, 20.46%, 其他项目, 19.45%, 江苏, 5.95%, -
600000,贷款利息收入, 90.79%, 投资利息收入, 43.56%, 手续费及佣金收入, 30.11%, |,总行, 36.71%, 长三角地区, 19.25%, 其他项目, 15.29%, -
601998,公司银行业务, 55.57%, 零售银行业务, 34.68%, 金融市场业务, 7.07%, |,公司银行业务, 78.48%, 个人银行业务, 16.42%, 资金业务, 8.01%, -
000858,制造业(酒类), 93.06%, -,-,-,-,|,国内(酒类), 93.06%, -
600016,公司银行业务, 44.64%, 个人银行业务, 33.70%, 资金业务, 16.36%, |,公司银行业务, 40.96%, 人银行业务, 34.89%, 资金业务, 19.53%, -
000651,制造业, 89.14%, -,-,-,-,|,空调, 83.22%, -
600276,医药制造业, 99.92%, -,-,-,-,|,抗肿瘤, 41.36%, 麻醉, 26.02%, 其他, 13.84%, -
000002,房地产, 95.93%, 物业管理, 2.93%, -,-,|,房地产, 93.86%, 物业管理, 4.30%, -
601668,房屋建筑工程, 59.30%, 基础设施建设与投资, 21.91%, 房地产开发与投资, 17.00%, |,境内, 91.94%, 境外, 8.06%, -
601766,轨道交通设备及其延伸产业, 100.00%, -,-,-,-,|,铁路装备, 51.26%, 新产业, 25.52%, 城轨与城市基础设施, 15.91%, -
601800,基建建设, 84.64%, 疏浚业务, 7.06%, 基建设计, 5.59%, |,中国(除港澳台地区), 74.91%, 其他国家和地区, 24.36%, -
600030,其他业务, 30.42%, 经纪业务, 24.98%, 证券投资业务, 17.85%, |,经纪业务, 18.05%, 资产管理业务, 12.97%, 证券承销业务, 7.52%, -
600585,建材行业, 97.72%, -,-,-,-,|,42_5级水泥, 59.78%, 32_5级水泥, 27.36%, 熟料, 9.65%, -
601818,公司银行业务, 46.32%, 零售银行业务, 38.72%, 金融市场业务, 14.95%, |,公司银行业务, 69.15%, 零售银行业务, 25.87%, 资金业务, 4.98%, -
002304,酒类行业, 97.74%, -,-,-,-,|,白酒, 96.31%, -
002352,速运物流, 99.32%, -,-,-,-,|,钢绞线, 60.65%, pc钢绞线, 19.85%, 钢丝, 19.30%, -
600019,加工配送, 93.85%, 钢铁制造, 75.18%, 分部间抵销, 75.05%, |,冷轧碳钢板卷, 30.34%, 热轧碳钢板卷, 26.29%, 其他钢铁产品, 4.58%, -
603288,食品制造业, 96.70%, -,-,-,-,|,酱油, 60.58%, 蚝油, 15.54%, 调味酱, 13.99%, -
601390,基建建设, 86.47%, 其他, 5.77%, 房地产开发, 4.40%, |,境内, 94.45%, 境外, 6.04%, -
600050,电信业, 100.00%, -,-,-,-,|,电信业, 100.00%, -
600887,液体乳及乳制品制造业, 98.89%, -,-,-,-,|,液体乳, 82.56%, 奶粉及奶制品, 9.52%, 冷饮产品, 6.82%, -
000001,批发金融业务, 51.13%, 零售金融业务, 44.14%, 其他业务, 4.73%, |,利息收入, 85.60%, 手续费及佣金收入, 9.79%, 其他营业收入, 4.62%, -
002027,楼宇媒体, 76.83%, 影院媒体, 20.02%, -,-,|,楼宇媒体, 78.11%, 影院媒体, 19.42%, -
601336,个人业务, 98.53%, 团体业务, 1.33%, 其他业务, 0.46%, |,个人业务, 98.14%, 团体业务, 1.58%, 其他业务, 0.73%, -
001979,社区开发与运营, 91.51%, 园区开发与运营, 7.70%, -,-,|,社区开发与运营, 87.42%, 园区开发与运营, 11.68%, 邮轮产业建设与运营, 0.90%, -
600309,化工行业, 97.95%, 其他, 1.33%, -,-,|,聚氨酯系列, 56.16%, 石化系列, 28.81%, 精细化学品及新材料系列, 7.90%, -
600018,港口物流板块, 58.15%, 集装箱板块, 39.78%, 业务板块内抵销, 18.21%, |,国内, 96.99%, -
601888,商品销售业, 55.23%, 旅游服务业, 43.41%, -,-,|,旅游服务:入境游, 0.00%, 旅游服务:出境游, 0.00%, 旅游服务:境外签证, 0.00%, -
601186,工程承包业务, 85.78%, 物流与物资贸易及其他业务, 8.69%, 房地产开发业务, 6.25%, |,境内, 94.42%, 境外, 5.58%, -
600048,房地产销售, 93.96%, 其他, 5.94%, -,-,|,华南片区, 36.12%, 华东片区, 23.93%, 中部片区, 12.06%, -
601006,铁路运输, 97.36%, -,-,-,-,|,货运业务, 76.03%, 其他业务, 11.03%, 客运业务, 10.30%, -
601211,机构金融, 40.69%, 个人金融, 36.13%, 其中:机构投资者服务, 30.93%, |,公司本部及境内子公司, 70.13%, 其他项目, 13.01%, 境外子公司及分支机构, 8.58%, -
000725,显示和传感器件业务, 88.10%, 智慧系统业务, 19.33%, -,-,|,显示和传感器件业务, 88.10%, 智慧系统业务, 19.33%, -
601169,公司银行业务, 64.86%, 个人银行业务, 17.95%, 资金业务, 17.26%, |,发放贷款及垫款利息收入, 112.58%, 投资债券利息收入, 28.96%, 其他项目, 18.61%, -
002024,零售业, 94.93%, -,-,-,-,|,通讯产品, 26.14%, 小家电产品, 18.02%, 冰箱、洗衣机, 13.66%, -
300498,养殖行业, 97.13%, -,-,-,-,|,肉猪类, 62.97%, 肉鸡类, 31.56%, -
603993,有色金属采矿业, 99.26%, -,-,-,-,|,铜钴相关产品, 57.33%, 钼钨相关产品, 15.62%, 磷相关产品, 11.74%, -
601229,公司金融业务, 51.18%, 资金业务, 28.51%, 个人金融业务, 19.16%, |,上海地区, 68.10%, 长三角地区(除上海地区), 12.73%, 珠三角地区(含香港), 10.16%, -
600009,航空及相关服务收入, 95.97%, 其他收入, 4.03%, -,-,|,航空及相关服务收入, 96.90%, 其他收入, 3.10%, -
600011,电力及热力, 97.68%, 港口, 0.15%, 运输, 0.05%, |,电力及热力, 97.68%, 港口服务, 0.15%, 运输服务, 0.05%, -
002594,交通运输设备制造业, 51.49%, 日用电子器件制造业, 40.49%, -,-,|,汽车及相关产品, 51.49%, 手机部件及组装等, 40.49%, -
601111,航空客运, 89.56%, 航空货运及邮运, 7.01%, 其他, 1.27%, |,航空客运, 87.95%, 航空货运及邮运, 8.45%, 其他, 1.06%, -
601238,整车制造业, 70.58%, 商贸服务, 23.07%, 零部件制造业, 4.10%, |,乘用车, 70.56%, 汽车相关贸易, 27.17%, 金融及其他, 2.87%, -
601688,财富管理业务, 40.03%, 机构服务业务, 18.99%, 其他, 17.16%, |,江苏地区, 54.87%, 广东地区, 17.18%, 上海地区, 11.86%, -
600518,医药, 89.22%, 保健食品及食品, 6.84%, 其他, 3.64%, |,药品贸易, 33.57%, 中药材贸易, 28.70%, 中药饮片, 20.34%, -
600837,其他项目, 24.01%, 证券及期货经纪业务, 23.73%, 自营业务, 23.28%, |,医药经营, 36.89%, 贸易经营, 32.04%, 农产品经营, 13.58%, -
000538,商业销售收入, 58.74%, 工业销售收入, 40.97%, -,-,|,批发零售(药品), 58.74%, 工业产品(自制), 40.97%, -
600690,电冰箱, 29.58%, 洗衣机, 19.40%, 空调, 18.05%, |,电冰箱, 29.32%, 空调, 21.05%, 洗衣机, 17.85%, -
000776,财富管理业务, 37.22%, 投资管理业务, 32.62%, 交易及机构业务, 14.52%, |,公路收费, 98.85%, 房产租赁, 1.15%, -
000617,财务公司, 3748.99%, 商业银行, 2694.14%, -,-,|,利息收入, 3350.06%, 手续费及佣金收入, 326.94%, 其他收入, 100.00%, -
000166,证券及期货经纪业务, 44.64%, 信用业务, 15.38%, 资产及基金管理业务, 11.16%, |,证券及期货经纪业务, 51.52%, 证券承销及保荐业务, 14.82%, 资产及基金管理业务, 13.91%, -
002252,血液制品生产及销售, 99.36%, -,-,-,-,|,白蛋白, 42.48%, 静丙, 34.53%, 其他血液制品, 22.36%, -
600015,贷款, 69.60%, 买入返售卖出回购业务, 22.62%, 债券投资, 10.75%, |,发放贷款和垫款利息收入, 91.83%, 手续费收入, 29.80%, 持有至到期投资利息收入, 18.53%, -
601989,工业, 98.31%, -,-,-,-,|,船舶制造及修理改装, 92.91%, 能源交通装备及科技产业, 21.46%, 舰船装备, 8.25%, -
601727,工业装备, 42.20%, 高效清洁能源设备, 32.91%, 现代服务业, 17.18%, |,中国大陆, 86.78%, 其他国家和地区, 13.22%, -
600196,药品制造与研发, 71.20%, 医疗器械与医学诊断, 17.34%, 医疗服务, 11.27%, |,代谢及消化系统疾病治疗领域核心产品, 13.23%, 抗感染疾病治疗领域核心产品, 12.27%, 中枢神经系统疾病治疗领域核心产品, 8.34%, -
601985,电力行业, 99.09%, -,-,-,-,|,电力, 99.09%, -
600999,经纪和财富管理, 60.54%, 投资银行, 17.15%, 投资管理, 15.04%, |,经纪业务, 52.93%, 证券投资业务, 26.37%, 投资银行业务, 12.44%, -
002142,公司业务, 38.80%, 资金业务, 31.90%, 个人业务, 29.16%, |,利息净收入, 87.09%, 非利息收入, 12.91%, -
601669,工程承包与勘测设计, 82.46%, 房地产开发, 6.95%, 其他, 5.71%, |,建筑工程承包, 86.44%, 房地产开发, 5.09%, 电力投资与运营, 3.48%, -
000895,屠宰业, 60.27%, 肉制品业, 44.92%, 减:公司内部行业抵减, 9.78%, |,生鲜冻品, 60.27%, 高温肉制品, 28.03%, 低温肉制品, 16.88%, -
600115,航空运输业务, 95.12%, 其他业务, 4.88%, -,-,|,客运, 83.63%, 货运, 7.23%, 其他, 1.38%, -
600346,涤纶纤维行业, 76.33%, 塑料制品行业, 19.63%, 热电行业, 2.52%, |,民用涤纶长丝, 52.49%, 聚酯切片, 23.60%, 工业长丝, 7.41%, -
601899,冶炼加工及贸易金, 51.23%, 其它, 24.55%, 内部抵消数, 22.64%, |,境内, 114.71%, 内部抵消数, 22.64%, 境外, 7.93%, -
300015,医疗行业, 99.89%, 其他业务收入, 0.11%, -,-,|,屈光手术, 32.39%, 白内障手术, 23.77%, 视光服务, 19.65%, -
000568,酒类, 97.30%, -,-,-,-,|,高档酒类, 44.72%, 中档酒类, 27.66%, 低档酒类, 24.93%, -
601633,汽车行业, 99.39%, -,-,-,-,|,销售汽车, 95.52%, 销售零配件, 3.16%, 模具及其他, 0.48%, -
600703,LED 行业, 83.93%, 其他行业, 16.07%, -,-,|,芯片、LED 产品, 83.93%, 材料、废料销售, 11.85%, 租金、物业、服务、利息收入, 4.22%, -
601881,证券经纪业务, 77.20%, 资产管理业务, 7.82%, 期货经纪, 7.37%, |,公司总部及子公司, 54.33%, 其他项目, 20.64%, 浙江, 8.27%, -
600606,房地产及相关产业, 51.86%, 建筑及相关产业, 36.12%, 减:内部抵销数, 7.65%, |,提供劳务, 108.62%, 其他, 13.87%, 销售商品, 0.00%, -
600010,冶炼行业, 100.00%, -,-,-,-,|,板材, 51.08%, 线棒材, 11.54%, 型材, 11.46%, -
600340,房地产开发, 48.51%, 产业发展服务, 38.71%, 土地整理, 8.03%, |,末端设备, 37.48%, 主机, 33.55%, 热泵, 25.45%, -
002475,消费性电子, 66.54%, 电脑互联产品及精密组件, 19.05%, 通讯互联产品及精密组件, 7.25%, |,消费性电子, 66.54%, 电脑互联产品及精密组件, 19.05%, 通讯互联产品及精密组件, 7.25%, -
601225,煤炭采掘业, 95.68%, 其他, 3.10%, 铁路运输业, 1.22%, |,原选煤, 79.26%, 洗煤, 16.43%, 其他, 3.10%, -
002493,石化行业, 78.90%, 其他, 10.63%, 化纤行业, 10.47%, |,PTA, 53.81%, 芳烃, 25.09%, 其他, 10.63%, -
600919,公司金融业务, 66.02%, 资金业务, 17.13%, 个人金融业务, 16.44%, |,-
002736,经纪及财富管理, 45.43%, 投资银行, 17.81%, 投资与交易, 12.34%, |,公司总部及境内子公司, 60.34%, 广东, 16.88%, 其他项目, 12.08%, -
601618,工程承包, 85.50%, 房地产开发, 10.21%, 装备制造, 2.56%, |,中国, 93.51%, 其他国家/地区, 6.49%, -
601933,零售业, 93.90%, 服务业, 6.10%, -,-,|,食品用品, 46.83%, 生鲜及加工, 44.01%, 服装, 3.06%, -
600406,电工电气装备制造业, 99.60%, -,-,-,-,|,电网自动化及工业控制, 55.98%, 继电保护及柔性输电, 21.30%, 电力自动化信息通信, 11.77%, -
600029,航空营运业务分部, 99.08%, 其他业务分部, 0.92%, 分部间抵消, 0.00%, |,客运, 88.47%, 货运及邮运, 7.12%, 其他, 2.55%, -
600741,内外饰件, 65.60%, 功能件, 21.15%, 金属成型和模具, 4.89%, |,内外饰件, 64.37%, 功能件, 20.68%, 金属成型和模具, 5.85%, -
600031,工程机械行业, 98.23%, -,-,-,-,|,挖掘机械, 35.66%, 混凝土机械, 32.87%, 起重机械, 13.68%, -
000938,信息技术业, 100.00%, -,-,-,-,|,IT产品分销与供应链服务, 72.16%, IT基础架构产品服务及解决方案, 40.90%, 总部与投资, 0.16%, -
000338,交通运输设备制造业, 97.25%, -,-,-,-,|,整车及关键零部件, 43.72%, 叉车生产、仓库技术及供应链解决方案服务, 38.51%, -
300059,证券业, 128.96%, 信息技术服务业, 100.00%, -,-,|,证券服务, 128.96%, 金融电子商务服务, 75.89%, -
600023,电力、热力生产及供应, 84.31%, -,-,-,-,|,电力, 79.66%, 蒸汽, 4.65%, -
600436,医药商业, 51.18%, 医药工业, 39.41%, 日用品、化妆品, 8.55%, |,医药商业, 51.18%, 肝病用药, 36.63%, 日用品、化妆品, 8.55%, -
000963,商业, 76.14%, 制造业, 23.86%, -,-,|,医药药品, 96.51%, 医药器械, 3.42%, -
601009,公司银行业务, 51.28%, 资金业务, 36.57%, 个人银行业务, 11.90%, |,江苏, 88.90%, 其中:南京, 55.67%, 上海, 5.72%, -
601607,分销, 88.77%, 工业, 11.45%, 抵消, 4.97%, |,国内销售, 98.15%, 国外销售, 1.46%, -
002230,软件和信息技术服务业, 97.26%, -,-,-,-,|,教育产品和服务, 25.54%, 信息工程, 19.21%, 电信增值产品运营, 10.35%, -
601898,公司, 100.00%, 煤炭业务, 79.37%, 其中:自产商品煤, 45.58%, |,动力煤, 35.98%, 炼焦煤, 9.60%, 聚烯烃, 9.25%, -
600660,汽车玻璃, 96.42%, 集团内部抵消, 17.65%, 浮法玻璃, 17.33%, |,汽车玻璃, 95.47%, 浮法玻璃, 15.49%, 减:集团内部抵消, 14.28%, -
600958,经纪及证券金融, 43.53%, 证券销售及交易, 37.71%, 投资管理, 26.79%, |,公司总部及境内子公司, 88.58%, 上海, 5.96%, 境外业务, 3.02%, -
002120,快递业务收入, 91.54%, -,-,-,-,|,打火机, 44.78%, 喷雾器, 23.97%, 点火枪, 14.02%, -
000063,通讯设备类制造行业, 100.00%, -,-,-,-,|,运营商网络, 58.62%, 消费者业务, 32.35%, 政企业务, 9.03%, -
002739,电影行业, 100.00%, -,-,-,-,|,观影收入, 63.00%, 广告收入, 18.14%, 商品、餐饮销售收入, 13.66%, -
601155,房地产开发销售, 95.73%, 物业出租及管理, 2.51%, -,-,|,住宅销售, 53.89%, 综合体销售, 41.84%, 物业出租及管理, 2.51%, -
002450,制造业, 100.00%, -,-,-,-,|,光学膜, 83.39%, 印刷包装类产品, 15.48%, -
300122,生物制品, 96.26%, -,-,-,-,|,自主产品, 75.85%, 二类苗代理产品, 20.41%, -
601991,电力行业, 93.84%, 其他, 5.08%, 煤炭行业, 0.15%, |,电力销售, 90.67%, 其他产品, 5.08%, 热力销售, 3.17%, -
600332,大健康, 40.92%, 大南药, 37.20%, 大商业, 20.66%, |,大南药合计, 37.20%, 中成药, 18.68%, 化学药, 18.53%, -
300003,医疗器械板块, 55.57%, 药品, 38.39%, 其中:自产耗材产品, 27.16%, |,支架系统, 25.82%, 药品-硫酸氢氯吡格雷, 14.99%, -
600600,啤酒, 98.89%, -,-,-,-,|,啤酒, 98.89%, -
600688,石油产品, 48.39%, 石油化工产品贸易, 25.77%, 树脂及塑料, 11.38%, |,石油产品, 46.33%, 石油化工产品贸易, 27.72%, 中间石化产品, 11.28%, -
601018,综合物流及其他业务, 48.17%, 集装箱装卸及相关业务, 20.04%, 其他货物装卸及相关业务, 10.03%, |,综合物流及其他业务, 36.89%, 集装箱装卸及相关业务, 23.21%, 其他货物装卸及相关业务, 20.74%, -
600188,煤炭业务, 32.05%, 煤化工业务, 2.06%, 电力业务, 0.37%, |,煤炭, 32.05%, 煤化工, 2.06%, 电力, 0.37%, -
002044,医疗行业, 99.73%, -,-,-,-,|,体检服务, 98.54%, -
601600,铝行业, 98.77%, -,-,-,-,|,贸易, 83.52%, 原铝, 26.54%, 氧化铝, 21.25%, -
603799,有色金属行业, 98.33%, -,-,-,-,|,钴产品, 76.49%, 铜产品, 12.13%, 三元, 7.08%, -
601901,经纪及信用交易, 88.59%, 自营投资, 17.16%, 投资银行, 6.16%, |,总计, 100.00%, 公司本部及子公司, 65.51%, 湖南省, 13.24%, -
002714,畜牧业, 99.18%, -,-,-,-,|,生猪, 99.97%, -
600663,房地产销售, 57.84%, 房地产租赁, 20.90%, 金融业收入, 10.48%, |,房产销售, 43.10%, 房地产租赁, 32.79%, 物业管理, 11.64%, -
600795,电力行业, 87.81%, 煤炭销售行业, 15.24%, 化工行业, 4.36%, |,电力产品, 87.81%, 煤炭销售产品, 15.24%, 化工产品, 4.36%, -
600886,电力, 98.46%, 其他, 0.84%, -,-,|,电力, 98.46%, 其他, 0.84%, -
000069,房地产行业, 55.17%, 旅游综合行业, 43.76%, -,-,|,房地产行业, 55.17%, 旅游综合行业, 43.76%, -
600362,贸易, 59.66%, 有色金属制造业, 40.00%, -,-,|,阴极铜, 59.24%, 铜杆线, 22.17%, 稀散及其他有色金属, 8.66%, -
002466,化学原料及化学制品制造业, 67.57%, 采选冶炼行业, 32.01%, -,-,|,锂化合物及衍生品, 67.57%, 锂矿, 32.01%, -
600893,制造业, 95.83%, 非航空服务业, 2.17%, 常用有色金属加工及装饰业, 0.83%, |,航空发动机及衍生产品, 84.01%, 外贸出口, 11.11%, 非航空产品及其他, 3.70%, -
002236,安防行业, 100.00%, -,-,-,-,|,解决方案, 50.16%, 产品, 42.60%, -
600809,食品制造业, 99.08%, -,-,-,-,|,中高价白酒, 61.97%, 低价白酒, 33.43%, 配制酒, 3.68%, -
600760,主营业务, 98.24%, 其他业务, 1.76%, -,-,|,专用车及零部件, 83.03%, 低速载货汽车, 8.37%, 其他, 5.37%, -
600271,增值税专用发票防伪税控系统及配套设备, 67.92%, 其他, 2.90%, 系统集成, 1.20%, |,渠道销售, 49.82%, 网络、软件与系统集成, 25.14%, 增值税防伪税控系统及相关设备, 16.04%, -
600297,整车销售, 87.47%, 维修服务, 8.22%, 佣金代理, 2.85%, |,中药, 76.91%, 西药, 21.73%, 其它, 0.38%, -
600398,服装, 97.98%, -,-,-,-,|,其他项目, 25.02%, 裤子, 22.48%, 其他服饰, 13.68%, -
601788,经纪和财富管理, 25.34%, 机构证券业务, 22.93%, 投资管理, 19.80%, |,公司本部及子公司, 81.69%, 其他项目, 4.85%, 广东, 4.62%, -
300433,电子元器件制造业, 100.00%, -,-,-,-,|,新材料及金属, 17.28%, 大尺寸防护玻璃, 10.67%, 其他业务收入, 1.04%, -
002008,其他专用设备制造业, 83.10%, 其他信息技术业, 16.90%, -,-,|,激光及自动化配套设备, 80.62%, PCB 及自动化配套设备, 10.47%, -
002202,风机及零部件销售, 77.38%, 风电场开发, 12.95%, 风电服务, 8.20%, |,2_0MW, 41.94%, 2_5MW, 22.21%, 风电场开发, 12.95%, -
601877,低压电器, 60.10%, 光伏业务, 37.56%, -,-,|,其他项目, 24.63%, 太阳能电池组件, 22.50%, 终端电器, 17.13%, -
600588,软件行业, 96.96%, -,-,-,-,|,技术服务及培训, 54.61%, 软件产品, 40.42%, 其他, 1.93%, -
603833,家居制造业, 98.48%, -,-,-,-,|,厨柜, 55.14%, 衣柜, 33.94%, 木门, 3.31%, -
002602,汽车零部件, 59.27%, 软件服务业, 23.32%, 铜杆加工件, 17.41%, |,游戏运营收入, 19.80%, 铜杆加工件, 17.41%, 内外饰塑料件, 14.44%, -
002558,游戏相关业务, 88.96%, 互联网金融服务, 10.78%, -,-,|,移动端网络游戏业务, 48.61%, 电脑端网络游戏业务, 37.70%, 互联网金融服务, 10.78%, -
601919,集装箱航运及相关业务, 96.22%, 集装箱码头及相关业务, 4.42%, 公司内各业务部间相互抵销, 0.64%, |,集装箱航运及相关业务, 95.90%, 集装箱码头及相关业务, 4.82%, 公司内各业务部间相互抵销, 0.71%, -
000596,制造业, 100.00%, -,-,-,-,|,白酒业务, 97.90%, 酒店业务, 1.21%, 其他, 0.89%, -
600516,炭素业, 94.87%, 采掘业, 3.00%, -,-,|,炭素制品, 72.28%, 铁精粉, 21.69%, 其他, 1.89%, -
600085,医药工业, 63.00%, 医药商业, 48.21%, -,-,|,前五名系列, 27.01%, -
000898,钢压延加工业, 99.63%, -,-,-,-,|,冷轧薄板系列产品, 36.27%, 热轧薄板系列产品, 27.66%, 中厚板, 14.55%, -
002456,光学、光电子元器件制造, 99.45%, -,-,-,-,|,摄像通讯类产品, 49.22%, 触控显示类产品, 33.41%, 传感器类产品, 15.67%, -
600547,黄金行业, 99.80%, 其中:外购金冶炼, 57.33%, -,-,|,外购金, 61.40%, 黄金, 16.58%, -
600867,医药行业, 89.25%, 房地产行业, 8.42%, 建材行业, 1.58%, |,重组人胰岛素原料药及注射剂产品, 75.49%, 注射用笔、血糖试纸、采血针等医疗器械, 10.67%, 商品房收入, 8.42%, -
300072,能源净化行业, 99.99%, -,-,-,-,|,贸易增值服务, 60.86%, 化石能源产业综合服务, 23.08%, 环保新材料及化工产品, 9.83%, -
300124,工业自动化工业机器人, 78.72%, 新能源&轨道交通, 21.28%, -,-,|,变频器类, 46.66%, 新能源&轨道交通类, 21.28%, 运动控制类, 19.55%, -
000768,航空工业, 97.73%, -,-,-,-,|,航空产品, 97.73%, -
601012,新能源行业, 100.00%, -,-,-,-,|,太阳能组件, 56.07%, 硅片, 35.16%, 电力, 2.73%, -
601808,钻井服务, 39.81%, 油田技术服务, 34.96%, 船舶服务, 16.07%, |,劳务收入, 100.00%, 租赁收入, 0.00%, -
600515,地产业务分部, 61.35%, 工程管理、设计及咨询业务分部, 15.57%, 机场业务分部, 15.09%, |,海口地区, 92.59%, -
600377,收费公路业务, 75.13%, 其中:沪宁高速, 50.81%, 配套服务业务, 18.83%, |,宁沪高速公路, 57.37%, 公路配套服务, 30.90%, 广靖锡澄高速公路, 9.37%, -
600027,发电, 78.01%, 售煤, 16.21%, 供热, 5.10%, |,售电, 93.53%, 供热, 5.33%, 售煤, 0.73%, -
002411,医药生产类, 42.99%, 医药商业类, 34.90%, 化工类, 13.46%, |,医药商业类, 34.90%, 胶囊, 14.24%, 片剂, 13.34%, -
600487,制造业, 84.48%, 服务业, 13.53%, -,-,|,光网络与系统集成, 33.44%, 电力传输与系统集成, 28.34%, 铜导体, 18.86%, -
600485,智慧医疗养老社区, 39.94%, 监测维护系统及测试仪器仪表, 21.85%, 境外公网行业, 13.62%, |,智慧医疗养老社区, 39.94%, 监测维护系统及测试仪器仪表, 21.85%, 系统, 15.88%, -
300408,工业, 100.00%, -,-,-,-,|,通信部件, 41.58%, 半导体部件, 23.51%, 电子元件材料, 13.65%, -
600705,租赁公司, 97.12%, 信托公司, 48.02%, 财务公司, 27.63%, |,手续费及佣金, 102.09%, 租赁及贸易, 95.91%, 利息, 82.17%, -
002422,医药制造行业, 99.09%, -,-,-,-,|,输液, 66.28%, 非输液, 32.81%, -
300070,环保行业(水处理、固废及水生态), 65.78%, 市政行业(市政与给排水、城市光环境), 34.22%, -,-,|,环保整体解决方案, 63.94%, 市政与给排水, 26.22%, 城市光环境解决方案, 8.00%, -
002460,有色金属冶炼及压延加工业, 85.12%, 其他, 8.35%, 锂电池、电芯及其直接材料, 6.53%, |,深加工锂化合物系列, 66.28%, 金属锂系列, 18.84%, 其他, 8.35%, -
600926,公司业务, 53.72%, 资金业务, 18.26%, 零售业务, 14.27%, |,公司业务, 51.76%, 资金业务, 17.52%, 小企业业务, 16.07%, -
600221,航空营运, 99.62%, 其他业务, 0.38%, -,-,|,客运, 92.16%, 货邮及逾重行李, 2.34%, 其他, 0.19%, -
002310,工程建设, 84.30%, -,-,-,-,|,水环境综合治理, 46.00%, 市政园林, 30.19%, -
600816,金融信托业, 100.00%, -,-,-,-,|,金融信托业, 100.00%, -
600111,稀土行业, 66.05%, -,-,-,-,|,稀土原料产品, 34.91%, 稀土功能材料, 31.14%, -
600383,房地产销售, 90.16%, 物业管理, 5.50%, 其他, 2.22%, |,华东, 26.95%, 华南, 25.62%, 其他项目, 14.81%, -
000100,TCL多媒体, 31.64%, 华星光电, 27.31%, 销售及物流, 20.07%, |,TCL多媒体, 26.18%, TCL通讯, 22.17%, 销售及物流服务, 19.85%, -
601992,水泥, 48.80%, 房地产开发, 25.25%, 新型建筑材料, 23.74%, |,产品销售, 50.49%, 房屋销售, 25.36%, 大宗商品贸易, 14.04%, -
300413,电视购物, 39.17%, 其他, 26.54%, 外呼购物, 14.18%, |,家居生活, 38.92%, 3C数码, 23.76%, 汽车, 13.67%, -
600061,证券行业, 1250.94%, 基金行业, 107.25%, 信托行业, 106.85%, |,经纪业务, 525.59%, 融资融券业务, 303.16%, 资产管理业务, 258.72%, -
600674,电力, 76.18%, 硬件产品, 10.52%, 软件产品, 8.92%, |,电力, 76.18%, 硬件产品, 10.52%, 软件产品, 8.92%, -
000625,汽车, 100.00%, -,-,-,-,|,销售商品, 99.96%, -
300144,文化艺术业-现场演艺, 49.60%, 文化艺术业-互联网演艺, 41.01%, -,-,|,数字娱乐平台收入, 41.01%, 杭州宋城旅游区收入, 27.85%, 三亚宋城旅游区收入, 11.24%, -
002010,物流, 71.91%, 化工, 28.09%, -,-,|,物流供应链业务, 60.52%, 印染助剂及染料, 16.75%, 支付、保险及其他业务, 1.96%, -
600176,合成材料制造, 90.66%, 商贸业, 7.64%, -,-,|,玻纤及制品, 97.41%, 其他, 0.78%, -
002841,计算机、通信和其他电子设备制造业, 100.00%, -,-,-,-,|,液晶显示主控板卡, 50.56%, 交互智能平板, 41.32%, -
600566,其中:工业, 96.19%, 清热解毒类, 43.98%, 消化类, 22.20%, |,中药, 69.59%, 西药, 29.14%, 其他, 1.11%, -
600233,快递行业, 93.94%, 货代行业, 3.35%, 其他行业, 0.03%, |,国内时效产品, 92.61%, 货代服务, 3.35%, 国际快递产品, 0.58%, -
000703,贸易, 54.11%, PTA, 26.29%, 聚酯, 19.31%, |,贸易, 54.11%, PTA, 26.29%, POY, 6.63%, -
600352,特殊化学品, 85.07%, 基础化学品, 6.40%, 汽配业务, 5.63%, |,染料, 60.53%, 中间体, 14.83%, 助剂, 7.10%, -
600637,视频购物, 45.03%, 媒体网络, 31.67%, 文旅消费, 14.95%, |,视频购物, 45.03%, 文旅消费, 14.95%, 媒体网络-IPTV, 12.51%, -
000039,集装箱, 32.83%, 道路运输车辆, 25.58%, 能源、化工、液态食品装备, 15.53%, |,集装箱, 32.83%, 道路运输车辆, 25.58%, 能源、化工、液态食品装备, 15.53%, -
600871,钻井, 50.98%, 工程建设, 24.21%, 井下特种作业, 8.64%, |,短纤及中空, 38.77%, 聚酯切片, 35.24%, 瓶级切片, 20.46%, -
600535,医药商业, 57.20%, 中药, 33.36%, 化学制剂药, 8.14%, |,医药商业, 57.20%, 心脑血管, 30.17%, 抗肿瘤, 4.24%, -
002624,游戏, 71.25%, 影视, 28.75%, -,-,|,移动网络游戏, 38.82%, PC端网络游戏, 25.11%, 电视剧, 14.23%, -
600066,客车制造, 113.57%, 分部间抵销, 30.07%, 对外贸易, 14.01%, |,客车销售, 94.67%, 客运服务, 0.27%, -
000553,化学原料及化工产品制造业, 100.00%, -,-,-,-,|,农业用药, 92501.95%, -
600068,建筑, 53.35%, 环保, 24.98%, 水泥, 6.25%, |,施工, 48.71%, 水泥生产, 34.54%, 水泥, 34.54%, -
002075,钢铁行业, 83.05%, -,-,-,-,|,优质钢, 48.82%, 汽车及工程机械用钢, 14.33%, 其他钢材, 10.35%, -
600236,电力, 99.60%, -,-,-,-,|,水电销售收入, 88.67%, 火电销售收入, 8.98%, 风电销售收入, 2.86%, -
002001,医药化工, 94.54%, 其他, 5.46%, -,-,|,营养品, 70.23%, 香精香料, 21.39%, 其他, 8.38%, -
601233,化纤, 92.49%, 石化, 0.02%, -,-,|,涤纶预取向丝, 61.04%, 涤纶牵伸丝, 15.29%, 涤纶加弹丝, 13.94%, -
002153,计算机应用及服务行业, 58.05%, 商品批发与贸易行业, 41.95%, -,-,|,酒店信息管理系统业务, 30.76%, 打印机、耗材及配件销售, 29.55%, 商业流通管理系统业务, 18.28%, -
002294,医药制造业, 99.91%, -,-,-,-,|,制剂, 82.24%, 原料, 17.67%, -
000540,房地产开发与经营, 94.86%, -,-,-,-,|,商业, 41.17%, 住宅, 35.84%, 写字楼, 10.27%, -
000661,制药业, 84.19%, 房地产, 15.02%, -,-,|,生物制药, 78.00%, 中成药, 19.12%, 房地产, 1.88%, -
000413,装备及技术服务, 52.74%, 光电显示材料, 21.77%, 电子通讯产品, 14.14%, |,装备及技术服务, 41.76%, 光电显示材料, 19.86%, 新能源汽车, 14.50%, -
601198,证券经纪, 25.85%, 投资银行业务, 19.48%, 信用业务, 18.59%, |,股票, 33.98%, 其他, 1.55%, 基金, 0.32%, -
000786,建材行业, 99.55%, -,-,-,-,|,石膏板, 88.53%, -
603160,集成电路, 99.94%, -,-,-,-,|,指纹芯片, 79.74%, 触控芯片, 20.13%, 固定电话芯片, 0.07%, -
601117,工程施工(承包), 83.35%, 其他, 11.68%, 勘察、设计及服务, 4.31%, |,境内, 69.71%, 境外, 29.64%, -
000423,医药工业, 87.05%, 其他行业, 10.73%, 医药商业, 1.85%, |,阿胶系列产品, 85.31%, 其他, 12.47%, 医药贸易, 1.85%, -
002563,服装行业, 99.25%, -,-,-,-,|,儿童服饰, 50.68%, 休闲服饰, 48.57%, -
603986,集成电路产品, 99.98%, -,-,-,-,|,存储芯片, 84.54%, 微控制器, 15.33%, 技术服务及其他收入, 0.12%, -
000046,房地产行业, 98.45%, 信托行业, 39.45%, 保险行业, 38.35%, |,房地产销售收入, 93.42%, 手续费及佣金净收入, 40.65%, -
300136,电子元器件, 98.55%, -,-,-,-,|,射频零、部件, 98.55%, -
603589,酒类, 98.50%, -,-,-,-,|,高档白酒, 92.62%, 中档白酒, 3.43%, 低档白酒, 2.45%, -
000418,家用电器制造, 91.04%, -,-,-,-,|,洗衣机, 91.04%, -
002146,房地产业, 89.35%, -,-,-,-,|,房地产业, 89.35%, -
002179,连接器行业, 98.82%, -,-,-,-,|,电连接器, 58.51%, 线缆组件及集成产品, 21.95%, 光器件及光电设备, 17.55%, -
600498,光通信, 98.68%, -,-,-,-,|,通信系统设备, 62.67%, 光纤及线缆, 25.91%, 数据网络产品, 10.10%, -
002773,医药制造, 99.96%, -,-,-,-,|,中成药, 38.92%, 化学药, 38.87%, 生物制品, 22.17%, -
000825,冶金钢铁行业, 100.00%, -,-,-,-,|,不锈钢材, 63.82%, 普通钢材, 28.95%, 普碳钢坯, 4.10%, -
000627,保险业, 0.00%, -,-,-,-,|,寿险产品, 0.00%, -
300142,自主疫苗, 77.02%, 药品代理, 14.20%, -,-,|,b型流感嗜血杆菌结合疫苗(预充), 19.93%, b型流感嗜血杆菌结合疫苗(西林瓶), 17.41%, 23价肺炎球菌多糖疫苗, 15.30%, -
000977,电子行业, 99.52%, -,-,-,-,|,服务器及部件, 98.92%, IT 终端及散件, 0.60%, -
603019,企业, 45.71%, 政府, 32.74%, 公共事业, 21.48%, |,高端计算机, 80.44%, 软件开发、系统集成、技术服务, 10.30%, 存储产品, 9.20%, -
600299,营养及健康, 100.00%, -,-,-,-,|,功能性产品, 75.29%, 特种产品, 19.23%, 其他产品, 5.48%, -
002311,饲料行业, 96.29%, 养殖行业, 3.71%, -,-,|,饲料销售, 81.50%, 贸易业务, 13.37%, 农产品销售, 3.71%, -
000157,工程机械, 77.00%, 环境产业, 11.45%, 农业机械, 9.86%, |,混凝土机械, 31.52%, 起重机械, 29.24%, 其他机械和产品, 16.24%, -
002110,分行业, 96.76%, -,-,-,-,|,螺纹钢, 42.48%, 板材, 21.37%, 制品盘圆, 13.29%, -
300296,LED 行业, 100.00%, -,-,-,-,|,智能显示, 59.54%, 夜游经济, 26.68%, 文旅新业态, 9.45%, -
601228,装卸及相关业务, 58.03%, 贸易业务, 20.45%, 物流及港口辅助业务, 16.62%, |,装卸及相关业务, 55.33%, 贸易业务, 22.95%, 物流及港口辅助业务, 18.91%, -
601377,证券及期货经纪业务, 30.81%, 证券自营业务, 27.73%, 资产管理业务(含基金), 19.44%, |,公司本部及子公司, 74.56%, 福建省, 19.73%, 其他项目, 2.76%, -
002180,制造业, 85.12%, 服务业, 14.88%, -,-,|,打印业务, 65.99%, 耗材, 11.75%, 软件及服务, 11.51%, -
002050,通用设备制造业, 100.00%, -,-,-,-,|,制冷业务单元, 51.40%, 微通道业务单元, 13.07%, 汽零业务单元, 12.63%, -
000513,西药制剂, 43.40%, 原料药及中间体, 24.65%, 中药制剂, 23.97%, |,参芪扶正注射液, 18.44%, -
600570,资管业务, 32.18%, 财富业务, 20.62%, 经纪业务, 15.11%, |,软件收入, 96.69%, 硬件收入, 1.67%, 科技园收入, 0.93%, -
600655,黄金珠宝, 85.00%, 度假村, 3.39%, 餐饮, 3.35%, |,上海, 96.08%, 日本, 3.39%, 四川, 2.98%, -
002410,软件行业, 99.91%, -,-,-,-,|,工程造价业务, 59.74%, 工程施工业务, 20.93%, 工程信息业务, 10.20%, -
600808,钢铁业, 94.72%, -,-,-,-,|,板材, 48.68%, 长材, 40.81%, 轮轴, 2.46%, -
600208,房地产, 72.89%, 商业贸易, 25.48%, 其他, 0.99%, |,房地产, 58.76%, 商业贸易, 38.14%, 酒店服务, 2.24%, -
600482,制造业, 100.00%, -,-,-,-,|,化学动力, 45.75%, 海工平台及船用机械, 20.89%, 柴油动力, 17.06%, -
002007,血液制品, 87.76%, 疫苗制品, 11.86%, -,-,|,人血白蛋白, 38.85%, 静丙球, 28.59%, 其他血液制品, 20.31%, -
601333,铁路运输业务分部, 98.19%, 其他业务分部, 2.16%, 分部间抵销, 0.35%, |,主营业务收入, 95.05%, 其他业务收入, 4.95%, -
000709,钢铁行业, 96.11%, -,-,-,-,|,板材, 60.17%, 棒材及型材, 15.81%, -
002241,电子元器件, 98.30%, -,-,-,-,|,电声器件, 59.78%, 电子配件, 38.52%, -
600426,主营业务, 98.84%, 其他业务, 1.16%, -,-,|,肥料, 25.46%, 有机胺, 18.76%, 己二酸及中间品, 16.70%, -
601021,航空运输业, 0.00%, -,-,-,-,|,航空客运, 0.00%, 航空货运, 0.00%, -
600998,医药批发及相关业务, 95.55%, 医药零售, 2.54%, 医药工业, 1.61%, |,西药、中成药, 80.36%, 医疗器械、计生用品, 9.43%, 食品、保健品、化妆品等, 6.10%, -
000981,汽车零部件, 63.55%, 房产销售, 28.67%, -,-,|,无级变速器, 47.06%, 房产销售, 28.67%, 汽车安全气囊气体发生器, 16.49%, -
002013,飞机制造业, 58.99%, 汽车制造业, 24.58%, 其他制造业, 15.45%, |,航空产品, 57.24%, 非航空产品, 41.43%, -
600801,水泥, 88.70%, 混凝土, 4.51%, 其他, 4.33%, |,42_5等级及以上水泥, 56.52%, 32_5等级水泥, 28.65%, 混凝土, 4.51%, -
600256,工业, 97.64%, 商业, 2.36%, -,-,|,天然气, 50.84%, 煤化工, 26.56%, 煤炭, 18.24%, -
300146,片剂, 42.43%, 胶囊, 26.62%, 粉剂, 19.94%, |,片剂, 42.43%, 胶囊, 26.62%, 粉剂, 19.94%, -
601866,航运及相关产业租赁, 65.14%, 集装箱制造, 37.42%, 投资及相关服务, 3.17%, |,班轮收入, 85.95%, 代理收入, 12.74%, 其他收入, 0.72%, -
603658,主营业务, 95.20%, 其他业务, 4.80%, -,-,|,试剂类, 92.20%, 仪器类, 3.13%, 出口, 2.68%, -
002608,电力, 100.00%, 金融, 5.28%, 船舶, 0.00%, |,电力, 87.26%, 煤炭, 6.60%, 金融, 5.28%, -
600100,互联网服务与终端, 51.48%, 公共安全, 23.37%, 节能环保, 16.82%, |,互联网服务与终端行业, 54.65%, 节能环保行业, 16.11%, 智慧城市行业, 15.15%, -
600004,航空服务业, 89.30%, -,-,-,-,|,航空服务收入, 54.41%, 航空性延伸服务收入, 45.59%, -
300347,服务业, 97.59%, -,-,-,-,|,临床研究相关咨询服务, 48.96%, 临床试验技术服务, 48.62%, -
000425,工程机械行业, 100.00%, -,-,-,-,|,起重机械, 36.49%, 工程机械备件及其他, 17.67%, 铲运机械, 12.31%, -
600390,期货公司, 70.48%, 信托公司, 18.89%, 租赁公司, 18.87%, |,期货风险管理业务, 65.59%, 信托公司, 18.89%, 租赁公司, 18.87%, -
000408,制造业, 93.57%, -,-,-,-,|,氯化钾, 93.57%, -
000050,电子元器件行业, 98.75%, -,-,-,-,|,显示器件及相关材料、设备、产品的设计、制造、销售, 98.75%, -
000932,钢铁行业, 91.55%, -,-,-,-,|,板材, 45.66%, 长材, 23.99%, 其他, 21.19%, -
600754,有限服务型酒店营运及管理业务, 98.13%, 食品及餐饮业务, 1.87%, 其他业务, 0.00%, |,中国大陆境内, 71.36%, 其中:上海以外地区, 59.81%, 中国大陆境外, 28.64%, -
000783,证券及期货经纪业务, 33.57%, 资本中介业务, 25.91%, 证券自营业务, 13.36%, |,炼油产品, 93.88%, 关联交易, 77.74%, 化工产品, 3.94%, -
600298,酵母及深加工产品行业, 76.31%, 其他行业, 12.57%, 制糖行业, 5.74%, |,工产品, 93.92%, 其他, 4.06%, 奶制品, 1.72%, -
000869,酒及酒精饮料制造业, 100.00%, -,-,-,-,|,葡萄酒, 77.63%, 白兰地, 20.07%, -
600170,建筑施工, 81.31%, 房产开发, 7.12%, 建筑工业, 3.74%, |,一般民用建筑, 28.02%, 其他项目, 23.39%, 公共设施建筑, 21.51%, -
601118,农业, 94.95%, -,-,-,-,|,橡胶, 93.11%, 橡胶木材, 1.84%, -
300676,基因组学应用行业, 99.62%, -,-,-,-,|,生育健康, 54.21%, 复杂疾病, 21.79%, 基础科研, 19.29%, -
601212,有色金属贸易, 72.03%, 有色金属采选冶炼及销售, 26.37%, 有色金属服务, 0.49%, |,阴极铜, 51.26%, 其他, 31.16%, 锌, 11.62%, -
300251,传媒, 100.00%, -,-,-,-,|,电影及衍生品, 67.17%, 视频直播, 26.66%, -
603858,医药行业, 99.78%, -,-,-,-,|,心脑血管, 80.94%, 其他, 9.62%, 妇科, 6.27%, -
601216,基础化学原料制造业, 76.97%, 铁合金冶炼业, 19.35%, 公司内部各业务分部相互抵销, 18.05%, |,聚氯乙烯, 52.41%, 片碱, 20.61%, 硅铁, 19.35%, -
601997,公司业务, 57.35%, 资金业务, 27.24%, 个人业务, 14.39%, |,贷款收入, 60.91%, 理财产品及资管计划, 43.86%, 债券及其他投资收入, 41.88%, -
603816,家具制造, 91.45%, 信息技术服务, 2.61%, -,-,|,沙发, 55.40%, 配套产品, 14.68%, 床类产品, 13.29%, -
300601,生物制品, 99.79%, -,-,-,-,|,自主产品-二类疫苗, 89.04%, 自主产品-一类疫苗, 10.75%, -
002601,化学原料及化学制品制造业, 98.77%, -,-,-,-,|,钛白粉, 84.42%, 其他, 13.76%, 锆制品, 0.58%, -
002065,金融保险医保行业, 59.04%, 电力水利铁路交通业, 11.78%, -,-,|,系统集成收入, 55.16%, 技术服务收入, 23.24%, 软件收入, 10.48%, -
600977,影视行业, 98.83%, -,-,-,-,|,电影发行, 60.02%, 电影放映, 20.01%, 影视服务, 11.98%, -
000883,水力发电, 33.12%, 火力发电, 27.02%, 煤炭贸易业务, 18.23%, |,电力, 66.04%, 煤炭, 18.23%, 天然气, 13.14%, -
002081,建筑装饰业, 95.65%, -,-,-,-,|,装饰, 76.51%, -
600522,主营业务, 98.89%, 其他业务, 1.11%, -,-,|,商品贸易, 33.44%, 光通信及网络, 26.66%, 电力传输, 26.55%, -
002384,计算机、通信和其他电子设备器件, 99.59%, -,-,-,-,|,印刷电路板, 41.52%, 触控面板及LCM模组, 22.32%, LED及其显示器件, 21.30%, -
000656,房地产销售, 94.51%, 物业管理, 3.53%, 新能源, 0.45%, |,房地产销售, 94.51%, 物业管理, 3.53%, 新能源, 0.45%, -
000876,饲料, 73.04%, 肉食品, 35.03%, 禽养殖, 9.21%, |,饲料, 73.04%, 肉食品, 35.03%, 禽养殖, 9.21%, -
002147,房地产业务, 83.05%, 机械业务, 16.95%, -,-,|,商品房销售, 72.35%, 机械加工, 16.95%, -
601158,污水处理收入, 48.06%, 自来水销售, 26.98%, 工程施工收入, 5.00%, |,污水处理服务, 64.14%, 自来水销售, 22.79%, 工程施工, 6.22%, -
002572,家具制造业, 99.24%, -,-,-,-,|,衣柜及其配件, 83.70%, 橱柜及其配件, 9.58%, 家具家品, 4.66%, -
002049,集成电路, 90.98%, 电子元器件, 8.82%, -,-,|,智能安全芯片, 44.47%, 特种集成电路, 28.22%, 存储器芯片, 18.30%, -
600438,农牧业务, 62.17%, 光伏业务, 35.96%, 内部抵销, 0.00%, |,饲料, 57.39%, 太阳能电池及相关业务, 24.66%, 多晶硅及化工, 12.37%, -
600779,酒业, 99.79%, -,-,-,-,|,高档, 93.94%, 中档, 3.29%, 低档, 2.56%, -
300618,有色金属冶炼及压延加工, 99.89%, -,-,-,-,|,钴粉, 53.23%, 电解铜, 19.42%, 钴精矿, 16.87%, -
603899,文教办公用品制造业与销售, 99.89%, 服务业, 0.05%, -,-,|,办公文具, 44.57%, 书写工具, 28.13%, 学生文具, 25.69%, -
002600,制造业, 58.58%, 贸易及物流服务, 40.97%, 其他行业, 0.00%, |,贸易及物流服务, 40.97%, 显示材料及触控器件, 27.39%, 精密结构件, 23.26%, -
300024,智能装备制造, 99.52%, -,-,-,-,|,工业机器人, 31.21%, 自动化装配与检测生产线及系统集成, 31.15%, 物流与仓储自动化成套装备, 29.18%, -
603515,照明器具的研发、生产和销售, 99.01%, -,-,-,-,|,照明应用产品及其他, 99.01%, -
000629,钛产品, 36.29%, 钒产品, 35.37%, 电, 21.06%, |,钒产品, 35.37%, 钛白粉, 26.72%, 电, 21.06%, -
600219,铝制品行业, 97.34%, -,-,-,-,|,冷轧卷, 50.97%, 铝型材, 23.04%, 铝合金锭, 12.72%, -
603866,食品生产, 100.00%, -,-,-,-,|,面包及糕点, 98.16%, 月饼, 1.67%, 粽子, 0.17%, -
002508,家电厨卫, 96.04%, -,-,-,-,|,吸油烟机, 54.46%, 燃气灶, 25.97%, -
002468,快递服务业, 100.00%, -,-,-,-,|,快递服务, 99.20%, 物料销售, 0.71%, 其他, 0.09%, -
000860,白酒, 54.33%, 猪肉, 24.45%, 建筑业, 16.82%, |,北京地区, 61.01%, 外埠地区, 38.74%, -
300450,锂电池设备, 71.37%, 光伏设备, 21.08%, -,-,|,锂电池设备, 71.37%, 光伏设备, 21.08%, -
600497,有色金属采选、冶炼, 54.09%, 有色金属产品贸易, 42.17%, 非金属采选, 0.43%, |,锌产品, 61.40%, 电解铜, 20.89%, 铅产品, 7.18%, -
600177,品牌服装, 48.97%, 地产开发, 46.63%, -,-,|,品牌衬衫, 15.83%, 品牌上衣, 15.09%, 品牌西服, 9.92%, -
000415,飞机, 73.79%, 其中:飞机租赁, 48.44%, 其中:飞机销售, 25.35%, |,经营租赁, 58.81%, 飞机销售, 25.35%, 融资租赁和融资租赁咨询, 13.07%, -
601880,油品, 28.44%, 集装箱, 25.74%, 汽车, 19.14%, |,-
601699,采掘业, 87.54%, 煤化工业, 10.38%, -,-,|,煤炭, 87.54%, 焦炭, 10.38%, -
002673,经纪业务, 50.49%, 自营业务, 27.46%, 投资银行业务, 17.74%, |,西北地区, 64.77%, 华东地区, 39.03%, 抵销, 4.20%, -
603369,白酒, 98.87%, 其他, 0.47%, -,-,|,特A+类, 43.80%, 特 A 类, 35.48%, A 类, 8.67%, -
002271,防水材料销售, 80.70%, 防水工程施工, 13.77%, -,-,|,防水卷材, 51.83%, 防水涂料, 28.87%, 防水施工, 13.77%, -
600521,成品药销售, 52.77%, 原材料及中间体销售, 42.85%, 进出口贸易, 3.00%, |,制剂, 52.77%, 沙坦类, 18.78%, 普利类, 8.30%, -
000830,化工新材料行业, 54.16%, 基础化工行业, 25.93%, 化肥行业, 19.67%, |,化工新材料产品, 54.16%, 基础化工产品, 25.93%, 复肥产品, 14.89%, -
600315,日化行业, 99.62%, 其他, 0.36%, -,-,|,洗护类, 39.90%, 护肤类, 35.00%, 婴幼儿喂哺类, 22.18%, -
600089,新能源产业及配套工程, 27.29%, 变压器产品, 26.66%, 电线电缆产品, 16.84%, |,境内, 80.61%, 境外, 17.32%, -
603885,航空运输业务, 98.55%, 其他业务, 0.00%, -,-,|,航空客运, 97.11%, 航空货运, 1.44%, 其他, 0.00%, -
600699,汽车零部件, 98.58%, -,-,-,-,|,智能汽车电子–汽车安全系统, 51.85%, 智能汽车电子 –  人机交互产品(HMI), 20.32%, 智能汽车电子–车载互联系统, 12.51%, -
002217,触控显示行业, 94.16%, -,-,-,-,|,触控显示类产品, 65.88%, -
000999,医药行业, 95.35%, -,-,-,-,|,医药行业, 95.35%, -
601878,期货业务, 40.09%, 经纪业务, 22.91%, 融资融券业务, 19.98%, |,浙江省内, 97.09%, 浙江省外, 2.91%, -
000503,服务业, 100.00%, -,-,-,-,|,药品及医疗器械招标代理业务, 60.78%, 医药福利管理服务(PBM)(包含原医药电子政务业务), 25.22%, 医保基金综合管理服务(包含原PBM业务), 13.95%, -
002405,导航, 43.64%, 芯片, 23.99%, 车联网, 22.01%, |,导航, 43.64%, 芯片, 23.99%, 车联网, 22.01%, -
601003,冶金行业, 93.53%, -,-,-,-,|,小型材, 50.93%, 钢坯, 33.03%, 中板材, 5.01%, -
600153,供应链运营业务, 86.22%, 房地产开发业务, 13.38%, -,-,|,钢铁, 34.03%, 矿产品, 11.43%, 住宅地产, 11.22%, -
603868,小家电, 99.89%, -,-,-,-,|,电动剃须刀, 69.87%, 电吹风, 13.39%, 电动理发器, 7.71%, -
000826,市政施工, 33.79%, 环保设备安装及技术咨询业务, 21.25%, 环卫服务业务, 19.10%, |,市政施工, 33.79%, 环保设备安装及技术咨询业务, 21.25%, 环卫服务业务, 19.10%, -
002078,浆及纸制品, 95.23%, 电及蒸汽, 4.12%, 其他业务收入, 0.65%, |,非涂布文化用纸, 30.68%, 铜版纸, 22.47%, 溶解浆, 15.67%, -
600848,房地产行业, 96.01%, -,-,-,-,|,房产销售, 86.78%, 房产租赁, 9.23%, -
000488,机制纸, 88.04%, 融资租赁, 7.96%, -,-,|,白卡纸, 23.13%, 双胶纸, 21.34%, 铜版纸, 18.39%, -
000671,房地产行业, 98.67%, -,-,-,-,|,房屋销售, 98.67%, -
300308,高端光通信收发模块, 93.67%, -,-,-,-,|,40G/100G 光模块, 83.29%, 10G/25G 光模块, 10.39%, -
000792,制造业, 80.84%, 百货业, 0.87%, 酒店业, 0.09%, |,氯化钾, 46.82%, 盐湖资源综合利用化工产品, 27.37%, 碳酸锂, 3.40%, -
300017,电信增值业, 99.99%, -,-,-,-,|,CDN, 91.23%, IDC, 7.35%, 商品销售, 1.41%, -
600372,飞机制造业(航电), 82.94%, -,-,-,-,|,航空产品, 80.90%, 非航空民品, 9.44%, 非航空防务, 5.81%, -
000539,电力、蒸气销售及劳务收入, 99.06%, -,-,-,-,|,电力、蒸气销售及劳务收入, 99.06%, -
600707,液晶玻璃基板, 62.98%, 技术服务, 7.29%, -,-,|,液晶玻璃基板, 62.98%, 技术服务, 7.29%, -
002038,医药行业, 98.48%, -,-,-,-,|,生物、生化药, 84.72%, 化学药, 13.75%, 其他, 0.02%, -
600642,油气, 52.84%, 电力, 31.11%, 燃煤销售, 15.68%, |,油气, 52.84%, 电力, 31.11%, 燃煤, 15.68%, -
000998,占公司营业收入或营业利润10%以上的农业, 81.94%, -,-,-,-,|,水稻种子, 60.88%, 玉米种子, 10.96%, 农业服务, 10.11%, -
002507,食品加工, 99.77%, -,-,-,-,|,榨菜, 84.48%, -
600339,油气田地面工程, 40.05%, 管道与储运工程, 31.91%, 炼油与化工工程, 23.50%, |,-
600415,房地产销售, 67.07%, 市场经营, 20.78%, 商品销售, 3.61%, |,内销及其他经营业务, 75.53%, 外销收入, 21.26%, -
600489,冶炼企业, 94.73%, 矿山企业, 21.00%, -,-,|,黄金, 110.05%, 铜, 25.53%, -
002555,网络游戏行业, 90.95%, 汽车零部件行业, 9.05%, -,-,|,手机游戏, 53.06%, 网页游戏, 37.15%, 汽车零部件, 9.05%, -
000728,经纪业务, 29.69%, 自营投资业务, 21.81%, 证券信用业务, 19.81%, |,经纪业务, 66.22%, 投资银行业务, 15.24%, 资产管理业务, 0.61%, -
002506,太阳能行业, 100.00%, -,-,-,-,|,组件, 78.24%, 系统集成包, 19.28%, -
002399,医药制造业, 99.98%, -,-,-,-,|,肝素钠原料药, 76.26%, CDMO, 12.19%, -
002745,计算机、通信和其他电子设备制造业, 100.00%, -,-,-,-,|,SMDLED, 70.22%, LED应用及其他, 18.43%, -
002371,电子工艺装备, 64.56%, 电子元器件, 34.32%, -,-,|,半导体设备, 51.01%, 电子元器件, 34.32%, 真空设备, 9.04%, -
002372,制造业, 98.90%, -,-,-,-,|,PPR 管材管件, 56.16%, PE 管材管件, 28.82%, PVC 管材管件, 12.37%, -
002340,新能源电池材料, 51.45%, 废弃资源综合利用业, 48.55%, -,-,|,电池材料与电池原料(硫酸镍、硫酸钴、四氧化三钴、三元前驱体、三元正极材料、钴酸锂等), 51.45%, 电子废弃物与报废汽车拆解(含废旧家电拆解、废五金、废塑料、电积铜、塑木型材等), 16.27%, 钴镍粉末产品(含钴粉、草酸钴、碳酸钴、镍粉等), 12.73%, -
600845,软件开发及工程服务, 72.49%, 服务外包, 24.44%, 系统集成, 2.78%, |,软件开发及工程服务, 70.05%, 服务外包, 25.86%, 系统集成, 3.85%, -
600875,发电设备制造业, 99.10%, -,-,-,-,|,清洁高效发电设备, 67.38%, 新能源, 12.75%, 工程及服务, 12.48%, -
600704,供应链集成服务, 97.17%, 高端实业, 1.76%, 金融服务, 0.58%, |,整车销售, 52.50%, 机电实业, 26.02%, 汽车售后服务, 7.17%, -
600782,钢铁业务分部, 75.21%, 钢贸业务分部, 48.36%, 分部间抵销, 30.34%, |,其他项目, 22.52%, 其他, 21.11%, 热轧卷板, 17.50%, -
000564,批发零售连锁经营商业业务, 88.31%, 地产业务, 9.25%, -,-,|,百货, 63.80%, 超市, 35.76%, 其他, 0.44%, -
000959,冶金, 96.71%, -,-,-,-,|,冷轧, 59.72%, 热轧, 35.41%, 其他钢铁产品, 1.00%, -
000630,有色金属制造业, 99.51%, -,-,-,-,|,铜产品, 84.71%, 黄金等副产品, 9.55%, 化工及其他产品, 5.26%, -
600583,主营业务, 99.58%, 其他业务, 0.42%, -,-,|,海洋工程总承包项目收入, 85.50%, 海洋工程非总承包项目收入, 8.92%, 非海洋工程项目收入, 5.32%, -
600528,工程设备和零部件制造, 87.94%, 其中：钢结构制造与安装, 39.30%, 其中：道岔, 28.92%, |,交通运输装备及相关服务, 66.39%, 专用工程机械装备及相关服务, 23.18%, 其他, 9.73%, -
601098,发行, 75.69%, 内部抵销数, 38.72%, 出版, 27.59%, |,发行, 75.69%, 内部抵销数, 38.72%, 出版, 27.59%, -
002129,新能源行业, 91.13%, 半导体行业, 7.21%, 其他, 1.08%, |,新能源材料, 89.01%, 半导体材料, 6.05%, 电力, 2.12%, -
600578,电力, 98.41%, -,-,-,-,|,电力, 95.12%, 热力, 3.29%, -
300168,软件开发收入, 49.44%, 集成收入, 29.88%, 运营服务收入, 20.68%, |,软件开发收入, 49.44%, 集成收入, 29.88%, 运营服务收入, 20.68%, -
600584,电子元器件, 99.59%, -,-,-,-,|,芯片封测, 98.14%, 芯片销售, 1.44%, -
600872,制造业, 97.46%, 房地产及服务业, 1.37%, -,-,|,调味品, 95.66%, 皮带轮及汽车、摩托车配件, 1.80%, 房地产及服务, 1.37%, -
600118,宇航制造及卫星应用, 99.38%, -,-,-,-,|,华北, 90.22%, 西北, 3.42%, 华南, 3.09%, -
002299,家禽饲养加工行业, 74.44%, 食品加工行业, 21.33%, -,-,|,鸡肉, 74.44%, 肉制品, 21.33%, -
600038,航空制造, 98.20%, 其他, 0.55%, -,-,|,航空产品, 98.20%, 风机产品, 0.53%, 其他, 0.02%, -
002640,电子商务行业, 98.99%, 服装行业, 0.79%, -,-,|,电子产品, 71.44%, 服饰家居, 23.52%, 其他产品, 4.82%, -
600022,钢铁行业, 86.40%, -,-,-,-,|,钢筋, 20.55%, 型材, 16.43%, 棒材, 14.65%, -
002625,汽车零部件, 87.72%, 研制业务, 8.20%, 其他, 2.70%, |,汽车零部件产品, 87.72%, 研制业务, 8.20%, 其他, 2.70%, -
600675,房地产业, 95.44%, 服务业, 4.03%, 商业, 0.23%, |,开发产品, 92.09%, 出租开发产品, 4.40%, 劳务收入, 2.57%, -
600739,商品流通, 75.16%, 进出口贸易, 14.78%, 生物制药, 9.12%, |,麻棉衫, 5.75%, 鱼类, 5.35%, 棉毛衫裤, 5.30%, -
600258,酒店运营, 78.71%, 酒店管理, 15.30%, 景区业务, 5.99%, |,-
002408,化工制造, 99.47%, -,-,-,-,|,顺酐化工类, 51.50%, 甲乙酮类, 15.93%, -
000402,房产开发, 91.08%, 物业出租, 6.11%, 物业经营, 2.52%, |,小计, 99.99%, 房产开发, 86.93%, 物业出租, 7.32%, -
600648,商品销售, 34.95%, 房地产转让出售, 28.93%, 房地产租赁, 14.74%, |,上海, 100.00%, -
600183,覆铜板和粘结片, 82.20%, 印制线路板, 16.38%, -,-,|,外销, 54.77%, 内销, 43.62%, -
600282,黑色金属冶炼及压延加工, 88.23%, 其他产品和服务, 11.55%, -,-,|,板材, 42.83%, 棒材, 28.32%, 其他项目, 9.32%, -
601231,通讯类产品, 36.79%, 电脑类产品, 18.51%, 工业类产品, 14.77%, |,通讯类产品, 45.45%, 消费电子类产品, 27.21%, 电脑类产品, 10.21%, -
600369,经纪业务, 36.40%, 自营业务, 24.60%, 投资银行业务, 16.13%, |,经纪业务, 38.58%, 自营业务, 33.01%, 投资银行业务, 15.62%, -
000961,房地产开发, 73.36%, 建筑工程施工, 38.34%, -,-,|,房地产开发, 73.36%, 建筑工程施工, 38.34%, -
000983,工业, 100.00%, -,-,-,-,|,煤炭, 55.19%, 焦炭, 24.58%, 电力热力, 11.45%, -
601872,主营业务, 100.00%, 未分配项目, 2.72%, 分部间抵销, 2.14%, |,油轮, 84.24%, 散货, 15.19%, -
002470,肥料行业, 100.00%, -,-,-,-,|,普通复合肥, 39.03%, 控释复合肥, 21.74%, 原料化肥贸易等, 21.41%, -
000066,高新电子, 38.72%, 电源产品, 28.59%, 信息安全整机及解决方案, 20.96%, |,高新电子, 38.72%, 电源产品, 28.59%, 信息安全整机及解决方案, 20.96%, -
603228,印刷线路板行业, 98.45%, -,-,-,-,|,刚性电路板, 58.85%, 柔性电路板, 31.45%, 金属基电路板, 8.15%, -
002359,通信行业, 55.17%, 制造业, 42.45%, -,-,|,铁塔类产品, 33.67%, 通讯终端销售, 30.23%, 通信服务, 24.80%, -
600160,化工行业, 72.14%, -,-,-,-,|,制冷剂, 26.86%, 基础化工产品及其它, 10.83%, 石化材料, 10.45%, -
000581,汽车零部件, 94.66%, -,-,-,-,|,汽车燃油喷射系统, 61.97%, 汽车后处理系统, 28.47%, 进气系统, 4.22%, -
601958,商品贸易, 68.55%, 钼矿产品开采、冶炼及深加工, 30.45%, -,-,|,铜产品, 43.85%, 钼炉料, 17.19%, 银产品, 15.80%, -
601106,主营业务, 97.85%, 其他业务, 2.15%, -,-,|,冶金成套设备, 29.01%, 大型铸锻件, 24.67%, 其他, 17.91%, -
600967,装备制造业, 100.00%, -,-,-,-,|,特种装备, 100.00%, -
300418,互联网收入, 99.46%, -,-,-,-,|,业务:增值服务收入-社交网络收入, 47.83%, 业务:增值服务收入-游戏收入, 45.53%, 业务:网络广告收入, 6.11%, -
600673,合金材料, 40.86%, 电子新材料, 34.35%, 化工产品, 19.35%, |,空调箔, 27.83%, 电极箔, 27.63%, 化工产品, 19.35%, -
000732,房地产行业, 96.61%, -,-,-,-,|,房地产, 94.81%, -
600109,证券经纪业务, 32.25%, 投资银行业务, 30.88%, 资产管理业务, 6.39%, |,制冷设备商品, 46.64%, 现代办公用品, 42.12%, 日用百货, 11.24%, -
002797,资产管理业务, 35.28%, 证券经纪及信用业务, 26.80%, 其他项目, 11.10%, |,资产管理业务, 37.53%, 证券经纪及信用业务, 28.30%, 投资银行业务, 9.93%, -
603233,零售, 96.68%, 批发, 1.06%, -,-,|,中西成药, 62.80%, 非药品, 18.43%, 参茸滋补药材, 13.78%, -
600549,钨钼等有色金属, 48.54%, 电池材料, 28.76%, 稀土业务, 14.36%, |,钨钼等有色金属产品, 48.54%, 电池材料产品, 28.76%, 稀土产品, 14.36%, -
601611,建筑安装, 89.46%, 其他, 10.04%, -,-,|,民用工程, 63.03%, 核电工程, 21.19%, 其他, 10.04%, -
600157,电力, 36.80%, 煤炭, 36.56%, 石化贸易, 24.25%, |,电力, 36.80%, 煤炭, 36.56%, 石化贸易, 24.25%, -
002670,证券行业, 222.88%, 线缆行业, 98.87%, 其他行业, 33.40%, |,空调连接组件, 75.85%, 利息收入, 48.03%, 空调电源输入组件, 16.30%, -
300033,增值电信服务, 69.41%, 广告及互联网业务推广服务, 15.18%, 基金销售及大宗商品交易手续费等其他业务, 9.14%, |,增值电信服务, 69.41%, 广告及互联网业务推广服务, 15.18%, 基金销售及大宗商品交易手续费等其他业务, 9.14%, -
603939,零售, 95.13%, 批发, 1.85%, -,-,|,中西成药, 66.21%, 非药品, 17.38%, 中药, 13.39%, -
601100,机械装备制造, 99.49%, -,-,-,-,|,挖掘机油缸, 41.28%, 重型装备用非标准油缸, 37.29%, 液压泵阀, 8.90%, -
600884,锂电池材料, 72.98%, 能源管理服务, 10.26%, 服装, 8.06%, |,正极材料, 51.50%, 负极材料, 17.92%, 光伏, 10.23%, -
600350,主营业务, 99.69%, 房地产开发, 9.46%, 其他, 1.33%, |,-
002210,物流供应链服务业, 99.69%, 环保新能源行业, 0.28%, -,-,|,贸易执行服务-矿产资源行业, 98.78%, 环保新能源行业, 0.28%, -
002127,现代服务业, 72.52%, 移动互联网业务, 24.28%, 货品销售, 3.20%, |,品牌综合服务业务, 63.07%, 移动互联网媒体投放平台业务, 22.36%, 其他项目, 5.69%, -
002831,纸制品包装, 100.00%, -,-,-,-,|,精品盒, 74.50%, 纸箱, 9.54%, 说明书, 9.38%, -
300616,主营业务, 99.31%, 其中:定制家具产品, 82.47%, 其中:配套家居产品, 12.58%, |,主营业务, 99.31%, 其他业务, 0.69%, -
002092,现代贸易, 50.64%, 氯碱化工, 31.58%, 纺织工业, 15.13%, |,现代贸易, 47.09%, 聚氯乙烯, 26.93%, 氯碱类产品, 8.45%, -
000027,电力销售, 82.29%, -,-,-,-,|,电力, 82.29%, -
600909,证券经纪业务, 45.79%, 信用交易业务, 33.86%, 证券自营业务, 7.11%, |,总部及子公司, 55.40%, 安徽, 32.66%, 其他项目, 6.42%, -
600008,垃圾处理, 32.56%, 环保建设, 30.38%, 污水处理, 16.97%, |,污水处理, 29.51%, 水务建设, 19.80%, 房地产开发, 18.94%, -
600511,商品销售, 102.52%, 减:内部抵消数, 4.97%, 产品销售, 1.76%, |,商品销售, 102.52%, 减:内部抵消数, 4.97%, 产品销售, 1.76%, -
002465,服务业, 50.08%, 工业, 49.92%, -,-,|,软件与信息服务, 47.72%, 无线通信, 36.54%, 北斗导航, 7.89%, -
600820,施工业, 91.83%, 设计服务, 4.43%, 运营业务, 1.58%, |,上海, 55.95%, 其他项目, 17.89%, 浙江, 12.39%, -
300253,医疗卫生信息化行业, 99.93%, 其他(房屋租赁), 0.07%, -,-,|,软件销售, 54.16%, 硬件销售, 29.30%, 技术服务, 16.47%, -
603883,医药零售, 90.87%, 医药批发, 7.51%, 医药制造, 0.87%, |,中西成药, 73.68%, 非药品, 13.70%, 中药, 9.39%, -
600623,化工服务, 50.74%, 化工制造, 30.45%, 轮胎制造, 18.45%, |,轮胎, 18.45%, 醋酸, 6.06%, 甲醇, 5.24%, -
300558,医药制造, 100.00%, -,-,-,-,|,埃克替尼, 99.96%, -
000623,医药, 97.38%, 食品, 1.98%, 其他行业, 0.27%, |,化学药品, 51.07%, 中成药, 46.30%, 食品, 1.98%, -
300383,电信服务业, 98.45%, -,-,-,-,|,云计算及其服务, 70.42%, IDC 及其增值服务, 21.45%, -
002589,药品器械收入, 99.86%, -,-,-,-,|,药品, 68.22%, 器械, 31.48%, 其他, 0.16%, -
000729,啤酒, 93.28%, -,-,-,-,|,啤酒, 93.28%, -
601555,经纪与财富管理业务, 32.12%, 投资交易业务, 24.56%, 投资银行业务, 18.75%, |,总部及子公司, 73.75%, 江苏省内, 22.20%, 江苏省外, 4.05%, -
600062,非输液, 61.47%, 输液, 36.10%, -,-,|,慢病业务平台, 36.97%, 输液业务平台, 36.10%, 其他, 16.18%, -
600745,通讯设备制造业, 94.70%, 房地产业, 4.59%, 服务业, 0.42%, |,通讯制造业分项目:手机及配件, 94.70%, 房地产行业分项目:南郊中茵城, 3.58%, 房地产行业分项目:龙湖国际项目, 0.53%, -
600685,工业, 98.90%, -,-,-,-,|,造船业务, 80.76%, 海工业务, 9.63%, 钢结构工程, 4.52%, -
600959,有线电视行业, 100.00%, -,-,-,-,|,有线电视服务, 100.00%, -
002195,互联网金融服务, 65.42%, 互联网信息服务, 36.84%, 合并抵消, 2.27%, |,互联网金融服务, 65.42%, PC 端业务, 27.11%, 移动端业务, 9.73%, -
002085,铝合金轮毂, 64.35%, 镁合金压铸产品, 25.89%, 涂层加工, 3.80%, |,汽车轮合金轮毂, 45.75%, 镁合金压铸产品, 25.89%, 摩托车铝合金轮毂, 18.61%, -
000028,医药批发, 75.18%, 医药零售, 23.97%, -,-,|,药品, 96.17%, -
600056,医药商业, 66.20%, 国际贸易, 23.21%, 医药工业, 12.11%, |,药品药材, 51.12%, 医疗器械, 25.62%, 非医药商品, 22.36%, -
601005,钢铁行业, 99.76%, -,-,-,-,|,自销钢材坯, 86.75%, 其他, 9.37%, 来料加工, 3.63%, -
600270,物流行业, 99.49%, -,-,-,-,|,空运货运代理, 53.67%, 电商物流, 25.60%, 专业物流, 20.22%, -
002223,医疗器械行业, 99.27%, -,-,-,-,|,家用医疗, 37.00%, 医用临床, 33.07%, 医用呼吸及供氧, 29.46%, -
300628,统一通信行业, 100.00%, -,-,-,-,|,SIP统一通信桌面终端, 78.65%, DECT统一通信无线终端, 10.47%, -
600751,电子产品分销, 99.91%, 其他, 0.09%, 船舶贸易, 0.00%, |,运输及代理, 70.34%, 船舶租赁, 29.66%, -
600572,制造业, 95.77%, 商业, 3.98%, 增值服务, 0.00%, |,中药、现代植物药, 61.53%, 化学药品, 23.48%, 原料药, 7.30%, -
601966,轮胎, 98.95%, -,-,-,-,|,轮胎, 98.95%, -
601718,贸易及其他, 45.28%, 职业装, 14.58%, 职业鞋靴, 14.35%, |,贸易及其他, 45.28%, 民品, 38.82%, 军需品, 17.86%, -
000839,信息及服务, 54.66%, 产品销售, 45.29%, 房地产开发及物业管理, 0.06%, |,其他, 54.71%, 新能源技术产品, 45.29%, -
002373,交通行业, 91.94%, 其他行业, 8.06%, -,-,|,系统集成, 58.54%, 技术开发及服务, 20.72%, 产品销售, 18.87%, -
600320,集装箱起重机, 50.10%, 散货机械, 21.56%, 海上重型装备, 15.14%, |,集装箱起重机, 60.03%, 重型装备, 15.49%, 散货机件, 7.39%, -
000950,医药批发, 85.48%, 化工制造与流通, 7.95%, 医药零售, 6.12%, |,尿素, 56.61%, PTMEG, 21.17%, 其他, 12.96%, -
600879,航天产品, 63.04%, 民用产品, 35.27%, -,-,|,航天产品, 63.04%, 民用产品, 35.27%, -
002500,证券自营业务, 69.59%, 投资银行业务, 15.90%, 证券经纪业务, 15.17%, |,证券经纪业务, 54.03%, 投资银行业务, 22.90%, 证券自营业务, 8.81%, -
000813,医药行业, 99.93%, -,-,-,-,|,药品销售, 99.67%, -
000960,有色金属, 99.62%, -,-,-,-,|,贸易产品, 55.51%, 锡锭, 12.16%, 铜产品, 11.43%, -
000778,工业, 100.00%, -,-,-,-,|,钢铁, 40.78%, 铸管, 21.40%, 配送, 21.30%, -
600490,金属品贸易, 74.98%, 工业, 25.01%, -,-,|,白银, 52.59%, 自产阴极铜, 24.85%, 贸易阴极铜, 9.76%, -
600201,生物制药, 97.59%, 其他业务, 2.24%, -,-,|,生物制药, 97.59%, 其他业务, 2.24%, -
000681,互联网传媒, 80.33%, 旅游及其他, 19.67%, -,-,|,视觉内容与服务, 71.66%, 软件信息服务, 17.20%, 广告创意服务, 8.66%, -
600392,主营业务, 99.51%, 其他业务, 0.49%, -,-,|,稀土氧化物, 77.73%, 稀土高效催化剂及分子筛, 10.22%, 其他, 5.76%, -
002821,医药行业, 99.95%, -,-,-,-,|,商业化阶段(定制研发生产), 53.86%, 临床阶段(定制研发生产), 37.08%, -
000559,机械制造, 79.18%, 物资贸易, 14.04%, -,-,|,汽车零部件, 79.18%, 钢材、铁合金等, 14.04%, -
300459,精细化工行业, 50.40%, 移动互联网文化行业, 49.60%, -,-,|,信息技术与服务, 35.36%, SPC 系列, 26.94%, IP 版权, 11.00%, -
600376,房地产开发, 99.69%, -,-,-,-,|,房产销售, 98.24%, 酒店物业经营等, 1.45%, -
